University Name,"Ranking in Niche's ""2026 Best Christian Colleges in America"" (link: https://www.niche.com/colleges/search/best-christian-colleges/) ",Main School Newspaper,,,,,STATUS
Texas Christian University ,#1,https://tcu360.com/,,,,,running
Southern Methodist Univeristy ,#2,https://smudailycampus.com/,,,,,running
College of the Ozarks,#3,The Outlook: https://www.instagram.com/the.outlook.cofo/,,,,,
St. Olaf College,#4,https://olafmessenger.com/,,,,,done
Oklahoma City Univeristy ,#5,https://www.oudaily.com/,,,,,
Wheaton College--Illinois,#6,https://thewheatonrecord.com/,,,,,
Moody Bible Institute,#7,"Newspaper was the ""The Moody Standard"" but was discontinued in 2019",,,,,
Harding Univeristy ,#8,https://thelink.harding.edu/the-bison/,,,,,
Biola Univeristy ,#9,https://chimesnewspaper.com/,,,,,running
Union Univeristy,#10,https://concordiensis.com/,,,,,done
Hope College,#11,https://anchor.hope.edu/,,,,,
Baylor Univeristy,#12,https://baylorlariat.com/,,,,,
Lipscomb Univeristy,#13,https://lipscombmedia.com/,,,,,
Point Loma Nazarene Univeristy,#14,https://lomabeat.com/,,,,,
California Baptist University,#15,https://calbaptist.edu/academics/library/collections/archives/banner,,,,,
Cedarville University,#16,https://digitalcommons.cedarville.edu/cedars/,,,,,