University Name,Ranking in US News & World Report: https://www.usnews.com/best-colleges/rankings/national-liberal-arts-colleges?myCollege=national-liberal-arts-colleges&_sort=myCollege&_sortDirection=asc,Main School Newspaper,,
Williams College,#1,https://williamsrecord.com/,,
Amherst College,#2,https://amherststudent.com/,,
United States Naval Academy,#3,https://cadetnewspaper.com/,,
Swarthmore College,#4,https://swarthmorephoenix.com/,,
Bowdoin College,#5,https://bowdoinorient.com/,,
United States Air Force Academy,#5,N/A,,
 ,#7,https://tsl.news/,,
Pomona College,#7,https://tsl.news/,,
Wellesley College,#7,https://thewellesleynews.com/,,
Carleton College,#10,https://thecarletonian.com/,,
Harvey Mudd College,#10,https://tsl.news/,,
United States Military Academy at West Point ,#10,N/A,,
Barnard College,#13,https://www.thebarnardbulletin.com/campus-news,,
Davidson College,#13,https://thedavidsonian.news/,,
Grinnell College,#13,https://thesandb.com/,,
Hamilton College,#13,https://hcspectator.com/,,
Middlebury College,#13,https://www.middleburycampus.com/,,
Smith College,#13,https://thesophian.com/,,
Vassar College,#13,https://miscellanynews.org/,,
Wesleyan University,#13,https://wesleyanargus.com/,,
Washington and Lee Univeristy,#13,https://ringtumphi.net/,,cutoff for tier 2 sample
Colgate Univeristy,#22,https://thecolgatemaroonnews.com/,,
Univeristy of Richmond,#22,https://www.thecollegianur.com/,,
Bates College,#24,https://thebatesstudent.com/,,
Colby College,#24,https://colbyecho.news/,,
Haverford College,#24,https://bicollegenews.com/about/,,
College of the Holy Cross,#27,https://hcspire.com/,,
Macalester College,#28,https://themacweekly.com/,,
Mount Holyoke College,#29,https://www.mountholyokenews.com/#home-section,,
Bryn Mawr College,#30,https://bicollegenews.com/about/,,
Bucknell University,#30,https://bucknellian.net/,,
Colorado College,#30,https://thecatalystnews.com/,,
Lafayette College,#30,https://lafayettestudentnews.com/,,
Denison University,#34,https://denisonian.com/,,
Franklin & Marshell College,#35,https://www.the-college-reporter.com/,,running
Occidental College,#35,https://theoccidentalnews.com/,,
Pitzer College ,#37,https://tsl.news/,,
Scripps College,#37,https://tsl.news/,,
Skidmore College,#37,https://skidmorenews.com/,,
Soka Univeristy of America,#37,https://libguides.soka.edu/pearl/home,,
Spelman College,#37,https://spelmanblueprint.com/,,
Trinity College,#37,https://trinitytripod.com/,,
Trinity University ,#37,https://trinitonian.com/,,
Union College,#44,https://concordiensis.com/,,
Berea College,#45,https://pinnacle.berea.edu/,,
Dickinson College,#45,https://thedickinsonian.com/,,
Furman Univeristy,#45,https://thepaladin.news/,,
Kenyon College,#45,https://kenyoncollegian.com/,,
The Univeristy of the South,#45,https://thesewaneepurple.org/,,
Connecticut College,#50,https://thecollegevoice.org/,,running
Hillsdale College,#50,https://hillsdalecollegian.com/,,running
St. Olaf College,#50,,,
Wabash College,#50,https://bachelor.wabash.edu/,,
Wheaton College,#50,https://wheatonwire.com/,,
