University Name,Ranking in US News & World Report: https://www.usnews.com/best-colleges/rankings/national-universities?myCollege=national-universities&_sort=myCollege&_sortDirection=asc ,Main School Newspaper,,Status
Princeton University 🌿,#1,https://www.dailyprincetonian.com/,,
MIT,#2,https://thetech.com/,,done
Harvard 🌿,#3,https://www.thecrimson.com/,,
Stanford University,#4,https://stanforddaily.com/,,
Yale Universty 🌿,#4,https://yaledailynews.com/,,
University of Chicago,#6,https://chicagomaroon.com/,,running
Duke University,#7,https://www.dukechronicle.com/,,
Johns Hopkins University,#7,https://www.jhunewsletter.com/,,
Northwestern Univeristy,#7,https://dailynorthwestern.com/,,running
Univeristy of Pennsylvania 🌿,#7,https://www.thedp.com/,,
Cornell University 🌿,#12,https://www.cornellsun.com/,,
Brown University 🌿,#13,https://www.browndailyherald.com/,,
Dartmouth College 🌿,#13,https://www.thedartmouth.com/,,
Columbia Univeristy 🌿,#15,https://www.columbiaspectator.com/,,done
,,,,
"University of California, Berkeley",#15,https://www.dailycal.org/,,
Rice University,#17,https://www.ricethresher.org/,,
"University of California, Los Angeles",#17,https://dailybruin.com/,,
Vanderbilt University,#17,https://vanderbilthustler.com/,,
Carnegie Mellon Univeristy,#20,https://digitalcollections.library.cmu.edu/cmu-collection/tartan,,
"Univeristy of Michigan, Ann Arbor",#20,https://www.michigandaily.com/,,
Univeristy of Notre Dame,#20,https://www.ndsmcobserver.com/,,
Washington Univeristy in St. Louis,#20,https://www.studlife.com/news,,
Emory University,#24,https://www.emorywheel.com/,,
Georgetown University,#24,https://thehoya.com/,,
"Univeristy of North Carolina, Chapel Hill",#26,https://www.dailytarheel.com/,,
Univeristy of Virginia,#26,https://www.cavalierdaily.com/,,
University of Southern California,#28,https://dailytrojan.com/,,
Univeristy of California San Diego,#29,https://ucsdguardian.org/,,
Univeristy of Florida,#30,https://www.alligator.org/,,
"The University of Texas, Austin",#30,https://thedailytexan.com/,,
Georgia Institute of Technology,#32,https://nique.net/category/opinions/,,
New York University,#32,https://nyunews.com/,,
"University of California, Davis",#32,https://theaggie.org/,,
"Univeristy of California, Irvine",#32,https://newuniversity.org/,,
Boston College,#36,https://bcheights.com/,,
Tufts University,#36,https://www.tuftsdaily.com/,,
"University of Illinois Urbana, Champaign",#36,https://dailyillini.com/,,
"University of Wisconsin, Madison",#36,https://www.dailycardinal.com/,,
"University of California, Santa Barbara",#40,https://dailynexus.com/,,
The Ohio State University,#41,https://www.thelantern.com/,,
Boston University,#42,https://dailyfreepress.com/,,
"Rutgers University, New Brunswick",#42,https://dailytargum.com/,,
"University of Maryland, College Park",#42,https://dbknews.com/,,
University of Washington,#42,https://www.dailyuw.com/,,
Lehigh University,#46,https://thebrownandwhite.com/,,
Northeastern University,#46,https://huntnewsnu.com/,,
Purdue Univeristy,#46,https://www.purdueexponent.org/,,
University of Georgia,#46,https://news.uga.edu/,,
University of Rochester,#46,http://campustimes.org/,,
Case Western Reserve University,#51,https://observer.case.edu/,,
Florida State University,#51,https://www.fsunews.com/,,
Texas A&M University,#51,https://thebatt.com/,,
Virginia Tech,#51,https://www.collegiatetimes.com/,,
Wake Forest University,#51,https://wfuogb.com/,,
William & Mary,#51,https://flathatnews.com/,,
"Univeristy of California, Merced",#57,https://blogs.ucmerced.edu/prodigy/,,
Villanova University,#57,https://villanovan.com/,,
George Washington University,#59,https://gwhatchet.com/,,
"The Pennsylvania State University, University Park",#59,https://www.psucollegian.com/,,
Santa Clara University,#59,https://www.thesantaclara.org/,,
"Stony Brook University, SUNY",#59,https://sbstatesman.com/,,
"University of Minnesota, Twin Cities",#59,https://mndaily.com/,,
Michigan State University,#64,http://statenews.com/,,
North Carolina State University,#64,https://technicianonline.com/,,
Rensselaer Polytechnic Institute,#64,https://poly.rpi.edu/,,
"University of Massachusetts, Amherst",#64,https://dailycollegian.com/,,
University of Miami,#64,https://themiamihurricane.com/,,
Brandeis University,#69,https://www.thejustice.org/,,
Tulane University of Louisiana ,#69,https://tulanehullabaloo.com/,,
University of Connecticut,#69,https://dailycampus.com/,,
University of Pittsburgh,#69,https://pittnews.com/,,
"Binghamton University, SUNY",#73,https://www.bupipedream.com/,,
"Indiana University, Bloomington",#73,https://www.idsnews.com/,,
Clemson University,#75,https://thetigercu.com/,,
"Rutgers University, Newark",#75,https://dailytargum.com/,,
Syracuse University,#75,https://dailyorange.com/,,
"University at Buffalo, SUNY",#75,https://www.ubspectrum.com/,,
"University of California, Riverside",#75,https://www.highlandernews.org/,,
Colorado School of Mines,#80,https://mines.primo.exlibrisgroup.com/discovery/fulldisplay?docid=alma997051003502341&context=L&vid=01COLSCHL_INST:MINES&search_scope=MyInst_and_CI&isFrbr=true&tab=Everything&lang=en,,
Drexel University ,#80,https://www.thetriangle.org/,,
New Jersy Institute of Technology,#80,https://njitvector.com/,,
Stevens Institute of Technology,#80,https://thestute.com/,,
Pepperdine University,#84,https://pepperdine-graphic.com/,,
University of Illinois Chicago,#84,https://today.uic.edu/,,
Worcester Polytechnic Institute,#84,https://www.wpi.edu/news,,
Yashiva University,#84,https://yucommentator.org/,,
American University,#88,https://www.theeagleonline.com/,,
Baylor University,#88,https://baylorlariat.com/,,
Howard University,#88,https://thehilltoponline.com,,
Marquette University,#88,https://marquettewire.org/,,
Rochester Institute of Technology,#88,https://reporter.rit.edu/,,
Southern Methodist University,#88,https://smudailycampus.com/,,
University of California Santa Cruz,#88,https://cityonahillpress.com/,,
University of Delaware,#88,https://udreview.com/,,
University of South Florida,#88,https://www.usforacle.com/,,
Florida International University,#97,https://panthernow.com/,,
Fordham University,#97,https://thefordhamram.com/,,
"Rutgers University, Camden",#97,https://gleaner.rutgers.edu/,,
Texas Christian University ,#97,https://tcu360.com/,,
University of Colorado Boulder,#97,https://www.cuindependent.com/,,
Auburn University,#102,https://www.theplainsman.com/,,