University Name,Ranking in US News & World Report 2026 Top Public Schools: https://www.usnews.com/best-colleges/rankings/national-universities/top-public?myCollege=national-universities&_sort=myCollege&_sortDirection=asc ,Main School Newspaper
"University of California, Berkeley",#1,https://www.dailycal.org/
"University of California, Los Angeles",#2,https://dailybruin.com/
University of Michigan--Ann Arbor,#3,https://www.michigandaily.com/
University of North Carolina--Chapel Hill,#4,https://www.dailytarheel.com/
University of Virginia,#4,https://www.cavalierdaily.com/
University of California San Diego,#6,https://ucsdguardian.org/
University of Florida,#7,https://www.alligator.org/
The University of Texas--Austin,#7,https://thedailytexan.com/
Georgia Institute of Technology,#9 ,https://nique.net/
"University of California, Davis",#9 ,https://theaggie.org/
"University of California, Irvine",#9 ,https://newuniversity.org/
University of Illinois Urbana-Champaign,#12,https://dailyillini.com/
University of Wisconsin--Madison,#12,https://www.dailycardinal.com/
"University of California, Santa Barbara",#14,https://dailynexus.com/
The Ohio State University,#15,https://www.thelantern.com/
Rutgers University--New Brunswick,#16,https://dailytargum.com/
"University of Maryland, College Park",#16,https://dbknews.com/
University of Washington,#16,https://www.dailyuw.com/
Purdue University--Main Campus,#19,https://www.purdueexponent.org/
University of Georgia,#19,https://news.uga.edu/