category,also_categories,queue_state,site_key,domain,url,university,paper,platform,access_profile,est_urls,est_days,articles,reason,notes
Public Universities,National Universities,running,texan,thedailytexan.com,https://thedailytexan.com/,"The University of Texas, Austin | The University of Texas--Austin",The Daily Texan,sno,cloudflare,51559,7.2,45147,Status tab running,"newspaper-scraper@texan; 45147 of 51636 (87.4%) as of 2026-10-08 17:11 UTC. empty_body=407, http_403=7."
Public Universities,National Universities,running,michigan,michigandaily.com,https://www.michigandaily.com/,"Univeristy of Michigan, Ann Arbor | University of Michigan--Ann Arbor",The Michigan Daily,wordpress,open,120040,9.7,99943,Status tab running,newspaper-scraper@michigan; 99943 of 119764 (83.4%) as of 2026-10-08 17:11 UTC. http_429=21 (was 16 on Oct 7). http_301=1821.
Public Universities,National Universities,running,tarheel,dailytarheel.com,https://www.dailytarheel.com/,"Univeristy of North Carolina, Chapel Hill | University of North Carolina--Chapel Hill",The Daily Tar Heel,sno,cloudflare,,,36129,Status tab running,"newspaper-scraper@tarheel; 36129 of 81683 (44.2%) as of 2026-10-08 17:11 UTC. empty_body=5194, http_403=28."
Public Universities,National Universities,running,illini,dailyillini.com,https://dailyillini.com/,"University of Illinois Urbana, Champaign | University of Illinois Urbana-Champaign",The Daily Illini,sno,cloudflare,100435,13.9,44450,Status tab running,newspaper-scraper@illini; 44450 of 100022 (44.4%) as of 2026-10-08 17:11 UTC.
Public Universities,National Universities,needs_adapter,,nique.net,https://nique.net/category/opinions/,Georgia Institute of Technology,,unknown,cloudflare,9,0.0,,unknown platform or missing recon,
Public Universities,National Universities,needs_adapter,,purdueexponent.org,https://www.purdueexponent.org/,Purdue Univeristy | Purdue University--Main Campus,,unknown,,,,,unknown platform or missing recon,
Public Universities,National Universities,needs_adapter,,dailytargum.com,https://dailytargum.com/,"Rutgers University, New Brunswick | Rutgers University, Newark | Rutgers University--New Brunswick",,unknown,waf_browser_ua,,,,WAF / unknown CMS; browser UA may help later,
Public Universities,National Universities,needs_adapter,,alligator.org,https://www.alligator.org/,Univeristy of Florida | University of Florida,,snworks,open,,,,SNWorks adapter unbuilt,
Public Universities,National Universities,needs_adapter,,cavalierdaily.com,https://www.cavalierdaily.com/,Univeristy of Virginia | University of Virginia,,snworks,open,,,,SNWorks adapter unbuilt,
Public Universities,National Universities,needs_adapter,,dailycal.org,https://www.dailycal.org/,"University of California, Berkeley",,blox,open,,,,BLOX adapter unbuilt,
Public Universities,National Universities,needs_adapter,,theaggie.org,https://theaggie.org/,"University of California, Davis",,unknown,open,,,,unknown platform or missing recon,
Public Universities,National Universities,needs_adapter,,dailybruin.com,https://dailybruin.com/,"University of California, Los Angeles",,wordpress,cloudflare,,,,wordpress but no usable sitemap in recon,
Public Universities,National Universities,needs_adapter,,news.uga.edu,https://news.uga.edu/,University of Georgia,,possible_university_newsroom,,,,,"may be a university newsroom, not student paper",
Public Universities,National Universities,needs_adapter,,dbknews.com,https://dbknews.com/,"University of Maryland, College Park",,possible_university_newsroom,,,,,"may be a university newsroom, not student paper",
Public Universities,National Universities,needs_adapter,,dailyuw.com,https://www.dailyuw.com/,University of Washington,,unknown,,,,,unknown platform or missing recon,
Public Universities,National Universities,needs_adapter,,dailycardinal.com,https://www.dailycardinal.com/,"University of Wisconsin, Madison | University of Wisconsin--Madison",,snworks,open,,,,SNWorks adapter unbuilt,
Public Universities,National Universities,blocked,,thelantern.com,https://www.thelantern.com/,The Ohio State University,,wordpress,cloudflare,,,,sitemap timeout; Crawl-delay 30,
Public Universities,National Universities,done,ucsd,ucsdguardian.org,https://ucsdguardian.org/,Univeristy of California San Diego | University of California San Diego,The UCSD Guardian,sno,cloudflare,22587,3.1,21079,Status tab done,"Finished 2026-10-05 before later downloads. 21079 articles of 22605 URLs (93.2%); 1660 empty_body, 2 http_500. systemd inactive. File: ~/Downloads/ucsd.csv"
Public Universities,National Universities,done,uci,newuniversity.org,https://newuniversity.org/,"Univeristy of California, Irvine | University of California, Irvine",New University,wordpress,open,17445,1.4,17411,Status tab done,Finished. 17411 articles of 17447 URLs (99.8%); 165 empty_body. systemd inactive. File: ~/Downloads/uci.csv
Public Universities,National Universities,done,nexus,dailynexus.com,https://dailynexus.com/,"University of California, Santa Barbara",Daily Nexus,wordpress,cloudflare,40455,5.6,37215,Status tab done,"Finished 2026-10-07. 37215 of 40465 (92.0%); empty_body=4202, http_404=1. systemd inactive. File: ~/Downloads/nexus.csv"
Christian Colleges,National Universities,candidate,,baylorlariat.com,https://baylorlariat.com/,Baylor University | Baylor Univeristy,,wordpress,cloudflare,29712,4.1,,wordpress + yoast; needs yaml/probe/200-test,
Christian Colleges,,candidate,,anchor.hope.edu,https://anchor.hope.edu/,Hope College,,wordpress,cloudflare,,,,wordpress + other; needs yaml/probe/200-test,Liberal Arts row 87 lists Hope College without a URL
Christian Colleges,,candidate,,thewheatonrecord.com,https://thewheatonrecord.com/,Wheaton College--Illinois,,wordpress,open,,,,wordpress + other; needs yaml/probe/200-test,
Christian Colleges,,done,biola,chimesnewspaper.com,https://chimesnewspaper.com/,Biola Univeristy,The Chimes,sno,,,,11331,Status tab done,"Finished. 11331 articles of 11390 URLs (99.5%); 569 empty_body, 1 http_404. systemd inactive. File: ~/Downloads/biola.csv"
Christian Colleges,,done,lipscomb,lipscombmedia.com,https://lipscombmedia.com/,Lipscomb Univeristy,Lipscomb Media,wordpress,open,696,0.1,682,Status tab done,"Finished. 682 articles of 698 URLs (97.7%); 2 empty_body, 28 pre_2000. systemd inactive. File: ~/Downloads/lipscomb.csv"
Christian Colleges,,done,lomabeat,lomabeat.com,https://lomabeat.com/,Point Loma Nazarene Univeristy,Loma Beat,wordpress,open,4035,0.3,3950,Status tab done,Finished. 3950 articles of 4044 URLs (97.7%); 98 empty_body. systemd inactive. File: ~/Downloads/lomabeat.csv
Christian Colleges,National Universities,done,smu,smudailycampus.com,https://smudailycampus.com/,Southern Methodist University | Southern Methodist Univeristy,The Daily Campus,sno,,,,26208,Status tab done,"Finished. 26208 articles of 26572 URLs (98.6%); 649 empty_body, 1 network_error. systemd inactive. File: ~/Downloads/smu.csv"
Christian Colleges,,done,stolaf,olafmessenger.com,https://olafmessenger.com/,St. Olaf College,Manitou Messenger,sno,,,,5048,Status tab done,Finished. 5048 articles of 5208 URLs (96.9%); 320 empty_body. systemd inactive. File: ~/Downloads/stolaf.csv
Christian Colleges,National Universities,done,tcu,tcu360.com,https://tcu360.com/,Texas Christian University,TCU 360,sno,,,,25690,Status tab done,"Finished. 25690 articles of 26172 URLs (98.2%); 862 empty_body, 6 http_404, 6 pre_2000. systemd inactive. File: ~/Downloads/tcu.csv"
Christian Colleges,Liberal Arts,done,union,concordiensis.com,https://concordiensis.com/,Union College | Union Univeristy,Concordiensis,sno,,,,1604,Status tab done,Finished. 1604 articles of 1626 URLs (98.6%); 44 empty_body. systemd inactive. File: ~/Downloads/union.csv
Christian Colleges,,excluded,,calbaptist.edu,https://calbaptist.edu/academics/library/collections/archives/banner,California Baptist University,,library_archive,excluded,,,,pdf_archive,Library scans; needs the archive/OCR pipeline
Christian Colleges,,excluded,,digitalcommons.cedarville.edu,https://digitalcommons.cedarville.edu/cedars/,Cedarville University,,unknown,excluded,,,,pdf_archive,Digital Commons issue PDFs; needs the archive/OCR pipeline
Christian Colleges,,excluded,,,,College of the Ozarks,,,,,,,missing newspaper URL,
Christian Colleges,,excluded,,thelink.harding.edu,https://thelink.harding.edu/the-bison/,Harding Univeristy,,unknown,excluded,,,,login_required,The Bison returns HTTP 401
Christian Colleges,,excluded,,,,Moody Bible Institute,,,,,,,missing newspaper URL,
Christian Colleges,,excluded,,oudaily.com,https://www.oudaily.com/,Oklahoma City Univeristy,,unknown,excluded,,,,wrong_school,OU Daily is the University of Oklahoma's paper; Oklahoma City University needs its own
Liberal Arts,,running,bucknellian,bucknellian.net,https://bucknellian.net/,Bucknell University,The Bucknellian,sno,cloudflare,11585,1.6,7300,Status tab running,"newspaper-scraper@bucknellian; 7300 of 11583 (63.0%) as of 2026-10-08 17:11 UTC. empty_body=11, http_404=2."
Liberal Arts,,running,colgate,thecolgatemaroonnews.com,https://thecolgatemaroonnews.com/,Colgate Univeristy,The Colgate Maroon-News,sno,cloudflare,15458,2.1,7250,Status tab running,newspaper-scraper@colgate; 7250 of 15489 (46.8%) as of 2026-10-08 17:11 UTC. http_500=1.
Liberal Arts,,candidate,,thebatesstudent.com,https://thebatesstudent.com/,Bates College,,sno,cloudflare,2293,0.3,,sno + wp_core; needs yaml/probe/200-test,
Liberal Arts,,candidate,,pinnacle.berea.edu,https://pinnacle.berea.edu/,Berea College,,wordpress,cloudflare,879,0.1,,wordpress + wp_core; needs yaml/probe/200-test,
Liberal Arts,,candidate,,bowdoinorient.com,https://bowdoinorient.com/,Bowdoin College,,wordpress,cloudflare,5957,0.8,,wordpress + wp_core; needs yaml/probe/200-test,
Liberal Arts,,candidate,,colbyecho.news,https://colbyecho.news/,Colby College,,wordpress,open,,,,wordpress + other; needs yaml/probe/200-test,
Liberal Arts,,candidate,,hcspire.com,https://hcspire.com/,College of the Holy Cross,,wordpress,open,,,,wordpress + other; needs yaml/probe/200-test,
Liberal Arts,,candidate,,thecatalystnews.com,https://thecatalystnews.com/,Colorado College,,wordpress,open,,,,wordpress + other; needs yaml/probe/200-test,
Liberal Arts,,candidate,,thedavidsonian.news,https://thedavidsonian.news/,Davidson College,,sno,cloudflare,511,0.1,,sno + wp_core; needs yaml/probe/200-test,
Liberal Arts,,candidate,,thedickinsonian.com,https://thedickinsonian.com/,Dickinson College,,sno,cloudflare,4862,0.7,,sno + wp_core; needs yaml/probe/200-test,
Liberal Arts,,candidate,,thepaladin.news,https://thepaladin.news/,Furman Univeristy,,sno,cloudflare,2818,0.4,,sno + yoast; needs yaml/probe/200-test,
Liberal Arts,,candidate,,hcspectator.com,https://hcspectator.com/,Hamilton College,,sno,cloudflare,2869,0.4,,sno + wp_core; needs yaml/probe/200-test,
Liberal Arts,,candidate,,lafayettestudentnews.com,https://lafayettestudentnews.com/,Lafayette College,,sno,cloudflare,9062,1.3,,sno + wp_core; needs yaml/probe/200-test,
Liberal Arts,,candidate,,thesophian.com,https://thesophian.com/,Smith College,,wordpress,open,2112,0.1,,wordpress + wp_core; needs yaml/probe/200-test,
Liberal Arts,,candidate,,thesewaneepurple.org,https://thesewaneepurple.org/,The Univeristy of the South,,wordpress,open,,,,wordpress + other; needs yaml/probe/200-test,
Liberal Arts,,candidate,,trinitytripod.com,https://trinitytripod.com/,Trinity College,,wordpress,open,3976,0.3,,wordpress + wp_core; needs yaml/probe/200-test,
Liberal Arts,,candidate,,trinitonian.com,https://trinitonian.com/,Trinity University,,sno,cloudflare,8018,1.1,,sno + yoast; needs yaml/probe/200-test,
Liberal Arts,,candidate,,bachelor.wabash.edu,https://bachelor.wabash.edu/,Wabash College,,unknown,,,,,The Bachelor; Yoast sitemap_index.xml (verified 2026-10-08),Liberal Arts blank filled 2026-10-08: The Bachelor. Yoast sitemap.
Liberal Arts,,candidate,,ringtumphi.net,https://ringtumphi.net/,Washington and Lee Univeristy,,sno,cloudflare,2658,0.4,,sno + yoast; needs yaml/probe/200-test,
Liberal Arts,,candidate,,thewellesleynews.com,https://thewellesleynews.com/,Wellesley College,,sno,cloudflare,4814,0.7,,sno + wp_core; needs yaml/probe/200-test,
Liberal Arts,,candidate,,wheatonwire.com,https://wheatonwire.com/,Wheaton College,,unknown,,,,,The Wheaton Wire (Wheaton MA); wp-sitemap.xml (verified 2026-10-08),Liberal Arts blank filled 2026-10-08: The Wheaton Wire (Wheaton College MA). Use wp-sitemap.xml. Distinct from Wheaton IL Record.
Liberal Arts,,candidate,,williamsrecord.com,https://williamsrecord.com/,Williams College,,sno,cloudflare,4397,0.6,,sno + wp_core; needs yaml/probe/200-test,
Liberal Arts,,needs_adapter,,amherststudent.com,https://amherststudent.com/,Amherst College,,unknown,cloudflare,,,,unknown platform or missing recon,
Liberal Arts,,needs_adapter,,thebarnardbulletin.com,https://www.thebarnardbulletin.com/campus-news,Barnard College,,unknown,open,,,,unknown platform or missing recon,
Liberal Arts,,needs_adapter,,bicollegenews.com,https://bicollegenews.com/about/,Haverford College | Bryn Mawr College,,possible_university_newsroom,waf_browser_ua,,,,WAF / unknown CMS; browser UA may help later,
Liberal Arts,,needs_adapter,,kenyoncollegian.com,https://kenyoncollegian.com/,Kenyon College,,unknown,waf_browser_ua,,,,WAF / unknown CMS; browser UA may help later,
Liberal Arts,,needs_adapter,,middleburycampus.com,https://www.middleburycampus.com/,Middlebury College,,snworks,open,,,,SNWorks adapter unbuilt,
Liberal Arts,,needs_adapter,,mountholyokenews.com,https://www.mountholyokenews.com/#home-section,Mount Holyoke College,,unknown,open,10538,0.7,,unknown platform or missing recon,
Liberal Arts,,needs_adapter,,skidmorenews.com,https://skidmorenews.com/,Skidmore College,,unknown,open,5819,0.4,,unknown platform or missing recon,
Liberal Arts,,needs_adapter,,libguides.soka.edu,https://libguides.soka.edu/pearl/home,Soka Univeristy of America,,unknown,waf_browser_ua,,,,WAF / unknown CMS; browser UA may help later,
Liberal Arts,,needs_adapter,,spelmanblueprint.com,https://spelmanblueprint.com/,Spelman College,,unknown,,,,,unknown platform or missing recon,
Liberal Arts,,needs_adapter,,cadetnewspaper.com,https://cadetnewspaper.com/,United States Naval Academy,,unknown,open,,,,unknown platform or missing recon,
Liberal Arts,,needs_adapter,,thecollegianur.com,https://www.thecollegianur.com/,Univeristy of Richmond,,unknown,waf_browser_ua,,,,WAF / unknown CMS; browser UA may help later,
Liberal Arts,,needs_adapter,,miscellanynews.org,https://miscellanynews.org/,Vassar College,,possible_university_newsroom,waf_browser_ua,,,,WAF / unknown CMS; browser UA may help later,
Liberal Arts,,done,carleton,thecarletonian.com,https://thecarletonian.com/,Carleton College,The Carletonian,sno,cloudflare,7913,1.1,7805,Status tab done,"Finished 2026-10-06. 7805 of 7941 (98.3%); empty_body=135, http_404=1. systemd inactive. File: ~/Downloads/carleton.csv"
Liberal Arts,,done,conncoll,thecollegevoice.org,https://thecollegevoice.org/,Connecticut College,The College Voice,wordpress,open,4320,0.3,4039,Status tab done,Finished. 4039 articles of 4320 URLs (93.5%); 288 empty_body. systemd inactive. File: ~/Downloads/conncoll.csv
Liberal Arts,,done,denison,denisonian.com,https://denisonian.com/,Denison University,The Denisonian,wordpress,open,3697,0.3,3671,Status tab done,Finished. 3671 articles of 3696 URLs (99.3%); 29 empty_body. systemd inactive. File: ~/Downloads/denison.csv
Liberal Arts,,done,fandm,the-college-reporter.com,https://www.the-college-reporter.com/,Franklin & Marshell College,The College Reporter,wordpress,open,3583,0.5,3449,Status tab done,"Finished. 3449 articles of 3583 URLs (96.3%); 135 empty_body, 3 network_error. systemd inactive. File: ~/Downloads/fandm.csv"
Liberal Arts,,done,sandb,thesandb.com,https://thesandb.com/,Grinnell College,Scarlet & Black,sno,cloudflare,9196,1.3,9054,Status tab done,Finished 2026-10-08. 9054 of 9228 (98.1%); empty_body=184. systemd inactive. File: ~/Downloads/sandb.csv
Liberal Arts,,done,hillsdale,hillsdalecollegian.com,https://hillsdalecollegian.com/,Hillsdale College,The Collegian,wordpress,open,15692,1.3,15573,Status tab done,Finished. 15573 articles of 15690 URLs (99.3%); 124 empty_body. systemd inactive. File: ~/Downloads/hillsdale.csv
Liberal Arts,,done,macweekly,themacweekly.com,https://themacweekly.com/,Macalester College,The Mac Weekly,sno,cloudflare,9418,1.3,9036,Status tab done,"Finished 2026-10-08. 9036 of 9420 (95.9%); empty_body=392, network_error=1. systemd inactive. File: ~/Downloads/macweekly.csv"
Liberal Arts,,done,occidental,theoccidentalnews.com,https://theoccidentalnews.com/,Occidental College,The Occidental,wordpress,open,10066,0.8,9892,Status tab done,"Finished. 9892 articles of 10055 URLs (98.4%); 176 empty_body, 1 http_500, 3 network_error. systemd inactive. File: ~/Downloads/occidental.csv"
Liberal Arts,,done,tsl,tsl.news,https://tsl.news/,Pomona College | Harvey Mudd College | Pitzer College | Scripps College,The Student Life,wordpress,open,,,11405,Status tab done,"Finished 2026-10-04. 11405 of 11437 (99.7%); 16 empty_body, 15 http_403, 1 http_404. File: ~/Downloads/tsl.csv"
Liberal Arts,,done,swarthmore,swarthmorephoenix.com,https://swarthmorephoenix.com/,Swarthmore College,The Phoenix,wordpress,open,13264,1.1,12798,Status tab done,"Finished. 12798 articles of 13251 URLs (96.6%); 75 empty_body, 578 pre_2000. systemd inactive. File: ~/Downloads/swarthmore.csv"
Liberal Arts,,done,wesleyan,wesleyanargus.com,https://wesleyanargus.com/,Wesleyan University,The Wesleyan Argus,wordpress,open,21917,1.8,21881,Status tab done,Finished. 21881 articles of 21917 URLs (99.8%); 43 empty_body. systemd inactive. File: ~/Downloads/wesleyan.csv
Liberal Arts,,excluded,,,,St. Olaf College,,,,,,,missing newspaper URL,
Liberal Arts,,excluded,,,,United States Air Force Academy,,,,,,,missing newspaper URL,
Liberal Arts,,excluded,,,,United States Military Academy at West Point,,,,,,,missing newspaper URL,
National Universities,,running,collegian,dailycollegian.com,https://dailycollegian.com/,"University of Massachusetts, Amherst",The Massachusetts Daily Collegian,sno,cloudflare,52160,7.2,24237,Status tab running,"newspaper-scraper@collegian; 24237 of 52185 (46.4%) as of 2026-10-08 17:11 UTC. empty_body=306, pre_2000=234."
National Universities,,running,mndaily,mndaily.com,https://mndaily.com/,"University of Minnesota, Twin Cities",The Minnesota Daily,sno,cloudflare,80597,11.2,21590,Status tab running,newspaper-scraper@mndaily; 21590 of 80516 (26.8%) as of 2026-10-08 17:11 UTC. pre_2000=14440 skipped.
National Universities,,candidate,,bcheights.com,https://bcheights.com/,Boston College,,sno,cloudflare,20636,2.9,,sno + yoast; needs yaml/probe/200-test,
National Universities,,candidate,,thetriangle.org,https://www.thetriangle.org/,Drexel University,,wordpress,cloudflare,,,,wordpress + other; needs yaml/probe/200-test,
National Universities,,candidate,,thefordhamram.com,https://thefordhamram.com/,Fordham University,,sno,cloudflare,13499,1.9,,sno + wp_core; needs yaml/probe/200-test,
National Universities,,candidate,,gwhatchet.com,https://gwhatchet.com/,George Washington University,,sno,cloudflare,60745,8.4,,sno + wp_core; needs yaml/probe/200-test,
National Universities,,candidate,,thehoya.com,https://thehoya.com/,Georgetown University,,sno,cloudflare,294,0.0,,sno + single; needs yaml/probe/200-test,
National Universities,,candidate,,marquettewire.org,https://marquettewire.org/,Marquette University,,sno,cloudflare,32180,4.5,,sno + wp_core; needs yaml/probe/200-test,
National Universities,,candidate,,nyunews.com,https://nyunews.com/,New York University,,sno,cloudflare,22473,3.1,,sno + yoast; needs yaml/probe/200-test,
National Universities,,candidate,,pepperdine-graphic.com,https://pepperdine-graphic.com/,Pepperdine University,,wordpress,open,1,0.0,,wordpress + single; needs yaml/probe/200-test,
National Universities,,candidate,,gleaner.rutgers.edu,https://gleaner.rutgers.edu/,"Rutgers University, Camden",,wordpress,open,379,0.0,,wordpress + wp_core; needs yaml/probe/200-test,
National Universities,,candidate,,stanforddaily.com,https://stanforddaily.com/,Stanford University,,wordpress,cloudflare,39111,5.4,,wordpress + yoast; needs yaml/probe/200-test,
National Universities,,candidate,,tulanehullabaloo.com,https://tulanehullabaloo.com/,Tulane University of Louisiana,,sno,cloudflare,11289,1.6,,sno + yoast; needs yaml/probe/200-test,
National Universities,,candidate,,dailycampus.com,https://dailycampus.com/,University of Connecticut,,wordpress,open,,,,wordpress + other; needs yaml/probe/200-test,
National Universities,,candidate,,vanderbilthustler.com,https://vanderbilthustler.com/,Vanderbilt University,,sno,cloudflare,10310,1.4,,sno + wp_core; needs yaml/probe/200-test,
National Universities,,candidate,,villanovan.com,https://villanovan.com/,Villanova University,,sno,cloudflare,15606,2.2,,sno + wp_core; needs yaml/probe/200-test,
National Universities,,later_pass,duke,dukechronicle.com,https://www.dukechronicle.com/,Duke University,The Chronicle,unknown,waf_browser_ua,,,22155,News-section pass done; Opinion/Sports/etc. later,"Finished 2026-10-05. News-section listings only, 22155 articles; 217 empty_body, 3 pre_2000. Other Chronicle sections later. File: ~/Downloads/duke.csv"
National Universities,,mac_only,yale,yaledailynews.com,https://yaledailynews.com/,Yale Universty 🌿,,unknown,datacenter_blocked,,,,live site Playwright on Mac only; Vercel 429 on VM; library PDFs out of queue,Vercel checkpoint; returns 429 to the AWS server; run from the Mac only
National Universities,,needs_adapter,,theeagleonline.com,https://www.theeagleonline.com/,American University,,snworks,open,,,,SNWorks adapter unbuilt,
National Universities,,needs_adapter,,theplainsman.com,https://www.theplainsman.com/,Auburn University,,unknown,waf_browser_ua,,,,WAF / unknown CMS; browser UA may help later,
National Universities,,needs_adapter,,bupipedream.com,https://www.bupipedream.com/,"Binghamton University, SUNY",,wordpress,open,,,,wordpress but no usable sitemap in recon,
National Universities,,needs_adapter,,dailyfreepress.com,https://dailyfreepress.com/,Boston University,,sno,cloudflare,,,,sno but no usable sitemap in recon,
National Universities,,needs_adapter,,thejustice.org,https://www.thejustice.org/,Brandeis University,,snworks,open,,,,SNWorks adapter unbuilt,
National Universities,,needs_adapter,,browndailyherald.com,https://www.browndailyherald.com/,Brown University 🌿,,unknown,waf_browser_ua,,,,WAF / unknown CMS; browser UA may help later,
National Universities,,needs_adapter,,observer.case.edu,https://observer.case.edu/,Case Western Reserve University,,unknown,,,,,unknown platform or missing recon,
National Universities,,needs_adapter,,mines.primo.exlibrisgroup.com,https://mines.primo.exlibrisgroup.com/discovery/fulldisplay?docid=alma997051003502341&context=L&vid=01COLSCHL_INST:MINES&search_scope=MyInst_and_CI&isFrbr=true&tab=Everything&lang=en,Colorado School of Mines,,unknown,open,,,,unknown platform or missing recon,
National Universities,,needs_adapter,,columbiaspectator.com,https://www.columbiaspectator.com/,Columbia Univeristy 🌿,,unknown,open,,,,unknown platform or missing recon,workbook_done_marker
National Universities,,needs_adapter,,cornellsun.com,https://www.cornellsun.com/,Cornell University 🌿,,snworks,open,,,,SNWorks adapter unbuilt,
National Universities,,needs_adapter,,thedartmouth.com,https://www.thedartmouth.com/,Dartmouth College 🌿,,snworks,open,,,,SNWorks adapter unbuilt,
National Universities,,needs_adapter,,emorywheel.com,https://www.emorywheel.com/,Emory University,,unknown,waf_browser_ua,,,,WAF / unknown CMS; browser UA may help later,
National Universities,,needs_adapter,,fsunews.com,https://www.fsunews.com/,Florida State University,,possible_university_newsroom,,,,,"may be a university newsroom, not student paper",
National Universities,,needs_adapter,,thecrimson.com,https://www.thecrimson.com/,Harvard 🌿,,unknown,cloudflare,137,0.0,,unknown platform or missing recon,
National Universities,,needs_adapter,,idsnews.com,https://www.idsnews.com/,"Indiana University, Bloomington",,snworks,open,,,,SNWorks adapter unbuilt,
National Universities,,needs_adapter,,jhunewsletter.com,https://www.jhunewsletter.com/,Johns Hopkins University,,snworks,open,,,,SNWorks adapter unbuilt,
National Universities,,needs_adapter,,thebrownandwhite.com,https://thebrownandwhite.com/,Lehigh University,,unknown,,,,,unknown platform or missing recon,
National Universities,,needs_adapter,,statenews.com,http://statenews.com/,Michigan State University,,snworks,open,,,,SNWorks adapter unbuilt,
National Universities,,needs_adapter,,thetech.com,https://thetech.com/,MIT,,unknown,open,,,,unknown platform or missing recon,workbook_done_marker
National Universities,,needs_adapter,,huntnewsnu.com,https://huntnewsnu.com/,Northeastern University,,unknown,,,,,unknown platform or missing recon,
National Universities,,needs_adapter,,dailyprincetonian.com,https://www.dailyprincetonian.com/,Princeton University 🌿,,snworks,open,,,,SNWorks adapter unbuilt,
National Universities,,needs_adapter,,poly.rpi.edu,https://poly.rpi.edu/,Rensselaer Polytechnic Institute,,unknown,open,12068,0.8,,unknown platform or missing recon,
National Universities,,needs_adapter,,ricethresher.org,https://www.ricethresher.org/,Rice University,,unknown,waf_browser_ua,,,,WAF / unknown CMS; browser UA may help later,
National Universities,,needs_adapter,,thesantaclara.org,https://www.thesantaclara.org/,Santa Clara University,,unknown,open,,,,unknown platform or missing recon,
National Universities,,needs_adapter,,thestute.com,https://thestute.com/,Stevens Institute of Technology,,wordpress,open,,,,wordpress but no usable sitemap in recon,
National Universities,,needs_adapter,,dailyorange.com,https://dailyorange.com/,Syracuse University,,wordpress,cloudflare,,,,wordpress but no usable sitemap in recon,
National Universities,,needs_adapter,,thebatt.com,https://thebatt.com/,Texas A&M University,,unknown,,,,,unknown platform or missing recon,
National Universities,,needs_adapter,,psucollegian.com,https://www.psucollegian.com/,"The Pennsylvania State University, University Park",,blox,open,,,,BLOX adapter unbuilt,
National Universities,,needs_adapter,,tuftsdaily.com,https://www.tuftsdaily.com/,Tufts University,,snworks,open,,,,SNWorks adapter unbuilt,
National Universities,,needs_adapter,,blogs.ucmerced.edu,https://blogs.ucmerced.edu/prodigy/,"Univeristy of California, Merced",,unknown,,,,,unknown platform or missing recon,
National Universities,,needs_adapter,,ndsmcobserver.com,https://www.ndsmcobserver.com/,Univeristy of Notre Dame,,unknown,waf_browser_ua,,,,WAF / unknown CMS; browser UA may help later,
National Universities,,needs_adapter,,thedp.com,https://www.thedp.com/,Univeristy of Pennsylvania 🌿,,snworks,open,,,,SNWorks adapter unbuilt,
National Universities,,needs_adapter,,ubspectrum.com,https://www.ubspectrum.com/,"University at Buffalo, SUNY",,snworks,open,,,,SNWorks adapter unbuilt,
National Universities,,needs_adapter,,udreview.com,https://udreview.com/,University of Delaware,,unknown,waf_browser_ua,,,,WAF / unknown CMS; browser UA may help later,
National Universities,,needs_adapter,,today.uic.edu,https://today.uic.edu/,University of Illinois Chicago,,possible_university_newsroom,waf_browser_ua,,,,WAF / unknown CMS; browser UA may help later,
National Universities,,needs_adapter,,campustimes.org,http://campustimes.org/,University of Rochester,,unknown,,,,,unknown platform or missing recon,
National Universities,,needs_adapter,,dailytrojan.com,https://dailytrojan.com/,University of Southern California,,unknown,waf_browser_ua,,,,WAF / unknown CMS; browser UA may help later,
National Universities,,needs_adapter,,collegiatetimes.com,https://www.collegiatetimes.com/,Virginia Tech,,unknown,,,,,unknown platform or missing recon,
National Universities,,needs_adapter,,wfuogb.com,https://wfuogb.com/,Wake Forest University,,unknown,,,,,unknown platform or missing recon,
National Universities,,needs_adapter,,flathatnews.com,https://flathatnews.com/,William & Mary,,possible_university_newsroom,,,,,"may be a university newsroom, not student paper",
National Universities,,needs_adapter,,wpi.edu,https://www.wpi.edu/news,Worcester Polytechnic Institute,,unknown,open,,,,unknown platform or missing recon,
National Universities,,blocked,,panthernow.com,https://panthernow.com/,Florida International University,,wordpress,open,24730,17.2,,robots Crawl-delay 60; occupies a slot for weeks,
National Universities,,blocked,hilltop,thehilltoponline.com,https://thehilltoponline.com,Howard University,The Hilltop,wordpress,open,2993,1.1,,homepage hang / HTTP 508; Crawl-delay 30,"Not cleared on the VM: homepage timeout, article pages HTTP 508. Crawl-delay 30; ~8.2k URLs. Retry from Mac, wait, or skip."
National Universities,,blocked,,cuindependent.com,https://www.cuindependent.com/,University of Colorado Boulder,,wordpress,open,2141,0.1,,recon sampled SEO/spam pages,
National Universities,,blocked,pitt,pittnews.com,https://pittnews.com/,University of Pittsburgh,The Pitt News,sno,cloudflare,55585,7.7,,200-test HTTP 403 on /opinions/satire/,Not cleared. VM 200-test HTTP 403 on /opinions/satire/; block cooldown. Probe of two news articles OK. Do not start full until a later 200-test passes.
National Universities,,blocked,,studlife.com,https://www.studlife.com/news,Washington Univeristy in St. Louis,,wordpress,cloudflare,1831,0.3,,Crawl-delay 30.0,
National Universities,,done,tiger,thetigercu.com,https://thetigercu.com/,Clemson University,The Tiger,sno,cloudflare,7447,1.0,7337,Status tab done,Finished 2026-10-06. 7337 of 7455 (98.4%); empty_body=130. systemd inactive. File: ~/Downloads/tiger.csv
National Universities,,done,vector,njitvector.com,https://njitvector.com/,New Jersy Institute of Technology,The Vector,sno,cloudflare,336,0.0,335,Status tab done,Finished 2026-10-05. 335 of 336 (99.7%); 1 empty_body. File: ~/Downloads/vector.csv
National Universities,,done,technician,technicianonline.com,https://technicianonline.com/,North Carolina State University,Technician,sno,cloudflare,41019,5.7,40280,Status tab done,"Finished 2026-10-07. 40280 of 41051 (98.1%); empty_body=1017, http_521=1. systemd inactive. File: ~/Downloads/technician.csv"
National Universities,,done,northwestern,dailynorthwestern.com,https://dailynorthwestern.com/,Northwestern Univeristy,The Daily Northwestern,unknown,,,,69041,Status tab done,"Finished 2026-10-06. 69041 articles of 70720 URLs (97.6%); empty_body=3558, http_301=11, http_403=32, network_error=1083, pre_2000=46. systemd inactive. File: ~/Downloads/northwestern.csv"
National Universities,,done,rit,reporter.rit.edu,https://reporter.rit.edu/,Rochester Institute of Technology,Reporter,sno,open,2136,0.2,2137,Status tab done,Finished. 2137 articles of 2140 URLs (99.9%); 5 empty_body. systemd inactive. File: repo output/rit.csv
National Universities,,done,statesman,sbstatesman.com,https://sbstatesman.com/,"Stony Brook University, SUNY",The Statesman,sno,cloudflare,13648,1.9,13354,Status tab done,"Finished 2026-10-04. 13354 of 13650 (97.8%); 517 empty_body, 32 pre_2000. File: ~/Downloads/statesman.csv"
National Universities,,done,ucsc,cityonahillpress.com,https://cityonahillpress.com/,University of California Santa Cruz,City on a Hill Press,wordpress,open,7032,0.6,6899,Status tab done,"Finished. 6899 articles of 6992 URLs (98.7%); 67 empty_body, 26 pre_2000. systemd inactive. File: ~/Downloads/ucsc.csv"
National Universities,,done,highlander,highlandernews.org,https://www.highlandernews.org/,"University of California, Riverside",The Highlander,wordpress,cloudflare,10136,1.4,9791,Status tab done,"Finished 2026-10-04. 9791 of 10144 (96.5%); 550 empty_body, 1 http_520, 1 http_525. File: ~/Downloads/highlander.csv"
National Universities,,done,chicago,chicagomaroon.com,https://chicagomaroon.com/,University of Chicago,The Chicago Maroon,unknown,,,,22117,Status tab done,"Finished. 22117 articles of 22493 URLs (98.3%); 371 empty_body, 2 http_301, 3 http_404. systemd inactive. File: repo output/chicago.csv"
National Universities,,done,miami,themiamihurricane.com,https://themiamihurricane.com/,University of Miami,The Miami Hurricane,wordpress,open,25629,2.1,25622,Status tab done,"Finished 2026-10-02. 25622 articles of 25641 URLs (99.9%); 8 empty_body, 2 http_403, 9 http_500, 5 network_error. systemd inactive. File: ~/Downloads/miami.csv"
National Universities,,done,usf,usforacle.com,https://www.usforacle.com/,University of South Florida,The Oracle,wordpress,open,32308,2.6,31894,Status tab done,"Finished 2026-10-01. 31894 articles of 32243 URLs (98.9%); 501 empty_body, 2 network_error, 9 pre_2000. systemd inactive. File: ~/Downloads/usf.csv"
National Universities,,done,yu,yucommentator.org,https://yucommentator.org/,Yashiva University,The Commentator,wordpress,open,4678,0.6,4175,Status tab done,"Finished. 4175 articles of 4678 URLs (89.2%); 41 empty_body, 464 pre_2000. systemd inactive. File: ~/Downloads/yu.csv"
National Universities,,excluded,,digitalcollections.library.cmu.edu,https://digitalcollections.library.cmu.edu/cmu-collection/tartan,Carnegie Mellon Univeristy,,library_archive,,,,,PDF / library archive,
