key,category_labels,access_profile,wave,exclusion_reason,notes
chicagomaroon.com,,,0,,Full run on the server (newspaper-scraper@chicago)
dailynorthwestern.com,,,0,,Full run on the server (newspaper-scraper@northwestern)
smudailycampus.com,,,1,,
tcu360.com,,,1,,
chimesnewspaper.com,,,1,,
olafmessenger.com,Christian Colleges | Liberal Arts,,1,,Liberal Arts row 53 lists St. Olaf College without a URL
Liberal Arts:53,,,,duplicate_row,St. Olaf College; scraped once as olafmessenger.com
concordiensis.com,Liberal Arts,,1,,"Christian row 11 ""Union Univeristy"" links this paper, but Concordiensis is Union College (NY); Union University (TN) still needs its own paper URL"
thecollegevoice.org,,,2,,
the-college-reporter.com,,,2,,
hillsdalecollegian.com,,,2,,
swarthmorephoenix.com,,,3,,
theoccidentalnews.com,,,3,,
lipscombmedia.com,,,3,,
michigandaily.com,,,4,,
newuniversity.org,,,4,,
themiamihurricane.com,,,4,,
reporter.rit.edu,,,4,,
lomabeat.com,,,5,,
cityonahillpress.com,,,5,,
usforacle.com,,,5,,
denisonian.com,,,6,,
wesleyanargus.com,,,6,,
yucommentator.org,,,6,,
tsl.news,,,7,,"Claremont consortium paper. Use Yoast wp-sitemap.xml, not Rank Math sitemap.xml."
thehilltoponline.com,,,7,,robots Crawl-delay 30.
ucsdguardian.org,,,8,,"Cloudflare canary. SNO wp-sitemap.xml. Pace 10-14 s like Northwestern post-block."
thedailytexan.com,,,9,,"Cloudflare SNO. Public. Pace 10-14 s."
dailynexus.com,,,9,,"Cloudflare WordPress Yoast. Public. Pace 10-14 s."
dailyillini.com,,,9,,"Cloudflare SNO Yoast. Public. Pace 10-14 s."
technicianonline.com,National Universities | Public Universities,,9,,"NC State is a public flagship listed only on the National tab."
sbstatesman.com,National Universities | Public Universities,,9,,"Stony Brook is a public flagship listed only on the National tab."
dailytarheel.com,,,10,,"Cloudflare SNO. Public. Use wp-sitemap.xml; sitemap.xml returns 403. Pace 10-14 s."
highlandernews.org,National Universities | Public Universities,,10,,"UC Riverside is a public campus listed only on the National tab. Cloudflare Yoast WP. Pace 10-14 s."
dailycollegian.com,National Universities | Public Universities,,11,,"UMass Amherst is a public flagship listed only on the National tab. Cloudflare SNO. Use wp-sitemap.xml. Pace 10-14 s."
mndaily.com,National Universities | Public Universities,,11,,"Minnesota is a public flagship listed only on the National tab. Cloudflare SNO Yoast. Pace 10-14 s."
pittnews.com,National Universities | Public Universities,,11,,"Pitt is a public university listed only on the National tab. Cloudflare SNO Yoast. Pace 10-14 s. 200-test HTTP 403 on /opinions/satire/; not started."
thetigercu.com,National Universities | Public Universities,,12,,"Clemson is a public university listed only on the National tab. Cloudflare SNO Yoast. Pace 10-14 s."
njitvector.com,National Universities | Public Universities,,12,,"NJIT is a public university listed only on the National tab. Cloudflare SNO. Use wp-sitemap.xml. Pace 10-14 s."
thecarletonian.com,,,12,,"Cloudflare SNO. Liberal Arts. wp-sitemap.xml. Pace 10-14 s."
themacweekly.com,,,13,,"Cloudflare SNO Yoast. Liberal Arts. Pace 10-14 s."
thesandb.com,,,13,,"Cloudflare SNO. Liberal Arts. Use wp-sitemap.xml. Pace 10-14 s."
thecolgatemaroonnews.com,,,14,,"Cloudflare SNO. Liberal Arts. Use wp-sitemap.xml. Pace 10-14 s."
bucknellian.net,,,14,,"Cloudflare SNO Yoast. Liberal Arts. Pace 10-14 s."
bachelor.wabash.edu,,,,,Liberal Arts blank filled 2026-10-08: The Bachelor. Yoast sitemap.
wheatonwire.com,,,,,Liberal Arts blank filled 2026-10-08: The Wheaton Wire (Wheaton College MA). Use wp-sitemap.xml. Distinct from Wheaton IL Record.
dukechronicle.com,,waf_browser_ua,,,AWS ELB WAF refuses the honest UA; browser UA approved for Duke only
yaledailynews.com,,datacenter_blocked,,,Vercel checkpoint; returns 429 to the AWS server; run from the Mac only
anchor.hope.edu,Christian Colleges | Liberal Arts,,,,Liberal Arts row 87 lists Hope College without a URL
Liberal Arts:87,,,,duplicate_row,Hope College; scraped once as anchor.hope.edu
oudaily.com,,,,wrong_school,OU Daily is the University of Oklahoma's paper; Oklahoma City University needs its own
instagram.com,,,,instagram_only,College of the Ozarks' The Outlook publishes on Instagram only
Christian Colleges:8,,,,discontinued,The Moody Standard stopped publishing in 2019
thelink.harding.edu,,,,login_required,The Bison returns HTTP 401
calbaptist.edu,,,,pdf_archive,Library scans; needs the archive/OCR pipeline
digitalcommons.cedarville.edu,,,,pdf_archive,Digital Commons issue PDFs; needs the archive/OCR pipeline
